{"stats":{"minecraft:used":{"minecraft:crafting_table":1,"minecraft:wooden_pickaxe":16},"minecraft:picked_up":{"minecraft:stick":1,"minecraft:oak_log":10,"minecraft:oak_sapling":1,"minecraft:dirt":8,"minecraft:cobblestone":16},"minecraft:crafted":{"minecraft:oak_planks":40,"minecraft:crafting_table":1,"minecraft:stick":8,"minecraft:wooden_pickaxe":1},"minecraft:custom":{"minecraft:time_since_rest":4041,"minecraft:play_time":4041,"minecraft:sprint_one_cm":6580,"minecraft:walk_one_cm":7249,"minecraft:jump":56,"minecraft:leave_game":1,"minecraft:time_since_death":4041,"minecraft:total_world_time":4041,"minecraft:interact_with_crafting_table":1,"minecraft:fall_one_cm":1225,"minecraft:fly_one_cm":8835},"minecraft:mined":{"minecraft:short_grass":1,"minecraft:grass_block":5,"minecraft:oak_log":10,"minecraft:dirt":3,"minecraft:stone":16}},"DataVersion":3700}